Player,Pos,HT,WT,Age,Teams,GP,YOS,Pre-Draft Team,Draft Status,Nationality,Title
Shareef Abdur-Rahim,F,6-9,225,31,SAC,6,11,California,1996 Rnd 1 Pick 3,United States,NBA 2007-2008 Players Information
Arron Afflalo,SG,6-5,210,22,DET,75,0,UCLA,2007 Rnd 1 Pick 27,United States,NBA 2007-2008 Players Information
Maurice Ager,F-G,6-5,202,24,"DAL, NJN",26,1,Michigan State,2006 Rnd 1 Pick 28,United States,NBA 2007-2008 Players Information
Blake Ahearn,G,6-3,190,23,MIA,12,0,Missouri State,"2007 NBA Draft, Undrafted",United States,NBA 2007-2008 Players Information
LaMarcus Aldridge,FC,6-11,265,22,POR,76,1,Texas,2006 Rnd 1 Pick 2,United States,NBA 2007-2008 Players Information
Malik Allen,F,6-10,255,29,"DAL, NJN",73,7,Villanova,"2000 NBA Draft, Undrafted",United States,NBA 2007-2008 Players Information
Ray Allen,SG,6-5,205,32,BOS,73,11,UConn,1996 Rnd 1 Pick 5,United States,NBA 2007-2008 Players Information
Tony Allen,SG,6-4,213,26,BOS,75,3,Oklahoma State,2004 Rnd 1 Pick 25,United States,NBA 2007-2008 Players Information
Lance Allred,C,6-11,250,27,CLE,3,0,Weber State,"2005 NBA Draft, Undrafted",United States,NBA 2007-2008 Players Information
Morris Almond,GF,6-6,220,23,UTA,9,0,Rice,2007 Rnd 1 Pick 25,United States,NBA 2007-2008 Players Information
Rafer Alston,G,6-2,175,31,HOU,74,8,Fresno State,1998 Rnd 2 Pick 10,United States,NBA 2007-2008 Players Information
Lou Amundson,PF,6-9,220,25,PHI,16,1,UNLV,"2006 NBA Draft, Undrafted",United States,NBA 2007-2008 Players Information
Chris Andersen,FC,6-10,245,29,NOP,5,4,Blinn,"1999 NBA Draft, Undrafted",United States,NBA 2007-2008 Players Information
Derek Anderson,G,6-5,194,33,CHA,28,10,Kentucky,1997 Rnd 1 Pick 13,United States,NBA 2007-2008 Players Information
Carmelo Anthony,F,6-8,240,23,DEN,77,4,Syracuse,2003 Rnd 1 Pick 3,United States,NBA 2007-2008 Players Information
Joel Anthony,C,6-9,245,25,MIA,24,0,UNLV,"2007 NBA Draft, Undrafted",Canada,NBA 2007-2008 Players Information
Gilbert Arenas,G,6-3,191,26,WAS,13,6,Arizona,2001 Rnd 2 Pick 2,United States,NBA 2007-2008 Players Information
Trevor Ariza,SF,6-8,215,22,"LAL, ORL",35,3,UCLA,2004 Rnd 2 Pick 14,United States,NBA 2007-2008 Players Information
Darrell Armstrong,PG,6-0,170,39,NJN,50,13,Fayetteville State,"1991 NBA Draft, Undrafted",United States,NBA 2007-2008 Players Information
Hilton Armstrong,C,6-11,235,23,NOP,65,1,UConn,2006 Rnd 1 Pick 12,United States,NBA 2007-2008 Players Information
Carlos Arroyo,PG,6-2,202,28,ORL,62,6,Florida International,"2001 NBA Draft, Undrafted",Puerto RicoUnited States,NBA 2007-2008 Players Information
Chucky Atkins,G,5-11,185,33,DEN,24,9,South Florida,"1996 NBA Draft, Undrafted",United States,NBA 2007-2008 Players Information
James Augustine,FC,6-10,235,24,ORL,25,1,Illinois,2006 Rnd 2 Pick 11,United States,NBA 2007-2008 Players Information
Kelenna Azubuike,F-G,6-5,220,24,GSW,81,1,Kentucky,"2005 NBA Draft, Undrafted",EnglandNigeria,NBA 2007-2008 Players Information
Renaldo Balkman,F,6-8,208,23,NYK,65,1,South Carolina,2006 Rnd 1 Pick 20,United StatesPuerto Rico,NBA 2007-2008 Players Information
Marcus Banks,G,6-2,200,26,"MIA, PHX",36,4,UNLV,2003 Rnd 1 Pick 13,United States,NBA 2007-2008 Players Information
Leandro Barbosa,G,6-3,194,25,PHX,82,4,Bauru (Brazil),2003 Rnd 1 Pick 28,Brazil,NBA 2007-2008 Players Information
J.J. Barea,G,5-10,180,23,DAL,44,1,Northeastern,"2006 NBA Draft, Undrafted",Puerto RicoUnited States,NBA 2007-2008 Players Information
Andrea Bargnani,FC,7-0,245,22,TOR,78,1,Universo De'Longhi Treviso (Italy),2006 Rnd 1 Pick 1,Italy,NBA 2007-2008 Players Information
Matt Barnes,GF,6-7,226,27,GSW,73,5,UCLA,2002 Rnd 2 Pick 17,United States,NBA 2007-2008 Players Information
Andre Barrett,PG,5-10,173,26,LAC,4,3,Seton Hall,"2004 NBA Draft, Undrafted",United States,NBA 2007-2008 Players Information
Earl Barron,C,7-0,250,26,MIA,46,3,Memphis,"2003 NBA Draft, Undrafted",United States,NBA 2007-2008 Players Information
Brent Barry,G,6-7,210,36,SAS,31,12,Oregon State,1995 Rnd 1 Pick 15,United States,NBA 2007-2008 Players Information
Brandon Bass,PF,6-8,250,22,DAL,79,2,LSU,2005 Rnd 2 Pick 3,United States,NBA 2007-2008 Players Information
Maceo Baston,FC,6-11,230,31,TOR,15,3,Michigan,1998 Rnd 2 Pick 29,United States,NBA 2007-2008 Players Information
Shane Battier,F,6-8,220,29,HOU,80,6,Duke,2001 Rnd 1 Pick 6,United States,NBA 2007-2008 Players Information
Marco Belinelli,G,6-5,225,21,GSW,33,0,Fortituto Kontatto Bologna (Italy),2007 Rnd 1 Pick 18,Italy,NBA 2007-2008 Players Information
Charlie Bell,G,6-3,200,28,MIL,68,3,Michigan State,"2001 NBA Draft, Undrafted",United States,NBA 2007-2008 Players Information
Raja Bell,SG,6-5,204,31,PHX,75,8,Florida International,"1999 NBA Draft, Undrafted",United States,NBA 2007-2008 Players Information
Mike Bibby,G,6-2,195,29,"ATL, SAC",48,9,Arizona,1998 Rnd 1 Pick 2,United States,NBA 2007-2008 Players Information
Andris Biedrins,C,7-0,250,21,GSW,76,3,BK Skonto Riga  (Latvia),2004 Rnd 1 Pick 11,Latvia,NBA 2007-2008 Players Information
Chauncey Billups,G,6-3,210,31,DET,78,10,Colorado,1997 Rnd 1 Pick 3,United States,NBA 2007-2008 Players Information
Steve Blake,G,6-3,172,28,POR,81,4,Maryland,2003 Rnd 2 Pick 9,United States,NBA 2007-2008 Players Information
Andray Blatche,PF,6-11,260,21,WAS,82,2,South Kent School (Connecticut),2005 Rnd 2 Pick 19,United StatesPhilippines,NBA 2007-2008 Players Information
Mark Blount,C-F,7-0,250,32,MIA,69,8,Pittsburgh,1997 Rnd 2 Pick 26,United States,NBA 2007-2008 Players Information
Keith Bogans,GF,6-5,215,27,ORL,82,4,Kentucky,2003 Rnd 2 Pick 14,United States,NBA 2007-2008 Players Information
Andrew Bogut,C,7-0,260,23,MIL,78,2,Utah,2005 Rnd 1 Pick 1,Australia,NBA 2007-2008 Players Information
Matt Bonner,FC,6-10,235,27,SAS,68,3,Florida,2003 Rnd 2 Pick 16,United States,NBA 2007-2008 Players Information
Josh Boone,C,6-10,237,23,NJN,70,1,UConn,2006 Rnd 1 Pick 23,United States,NBA 2007-2008 Players Information
Calvin Booth,C,6-11,230,31,PHI,31,8,Penn State,1999 Rnd 2 Pick 6,United States,NBA 2007-2008 Players Information
Carlos Boozer,PF,6-9,266,26,UTA,81,5,Duke,2002 Rnd 2 Pick 6,GermanyUnited States,NBA 2007-2008 Players Information
Chris Bosh,PF,6-11,235,23,TOR,67,4,Georgia Tech,2003 Rnd 1 Pick 4,United States,NBA 2007-2008 Players Information
Bruce Bowen,F,6-7,200,36,SAS,81,12,Cal State Fullerton,"1993 NBA Draft, Undrafted",United States,NBA 2007-2008 Players Information
Ryan Bowen,F,6-9,218,32,NOP,53,7,Iowa,1998 Rnd 2 Pick 26,United States,NBA 2007-2008 Players Information
Earl Boykins,G,5-5,135,31,CHA,36,9,Eastern Michigan,"1998 NBA Draft, Undrafted",United States,NBA 2007-2008 Players Information
Elton Brand,PF,6-9,254,28,LAC,8,8,Duke,1999 Rnd 1 Pick 1,United States,NBA 2007-2008 Players Information
Corey Brewer,GF,6-9,186,21,MIN,79,0,Florida,2007 Rnd 1 Pick 7,United States,NBA 2007-2008 Players Information
Ronnie Brewer,GF,6-7,235,22,UTA,76,1,Arkansas,2006 Rnd 1 Pick 14,United States,NBA 2007-2008 Players Information
Primoz Brezec,C,7-2,252,28,"CHA, DET, TOR",50,6,Union Olimpija (Slovenia),2000 Rnd 1 Pick 27,Slovenia,NBA 2007-2008 Players Information
Aaron Brooks,G,6-0,161,23,HOU,51,0,Oregon,2007 Rnd 1 Pick 26,United States,NBA 2007-2008 Players Information
Andre Brown,FC,6-9,245,26,MEM,33,2,DePaul,"2004 NBA Draft, Undrafted",United States,NBA 2007-2008 Players Information
Devin Brown,SF,6-5,220,29,CLE,78,5,Texas-San Antonio,"2002 NBA Draft, Undrafted",United States,NBA 2007-2008 Players Information
Kwame Brown,C,6-11,290,25,"LAL, MEM",38,6,Glynn Academy (Georgia),2001 Rnd 1 Pick 1,United States,NBA 2007-2008 Players Information
P.J. Brown,C,6-11,225,38,BOS,18,14,Louisiana Tech,1992 Rnd 2 Pick 2,United States,NBA 2007-2008 Players Information
Shannon Brown,G,6-4,210,22,"CHI, CLE",22,1,Michigan State,2006 Rnd 1 Pick 25,United States,NBA 2007-2008 Players Information
Kobe Bryant,SG,6-6,212,29,LAL,82,11,Lower Merion High School (Pennsylvania),1996 Rnd 1 Pick 13,United States,NBA 2007-2008 Players Information
Greg Buckner,G-F,6-4,210,31,MIN,31,9,Clemson,1998 Rnd 2 Pick 24,United States,NBA 2007-2008 Players Information
Caron Butler,SF,6-7,228,27,WAS,58,5,UConn,2002 Rnd 1 Pick 10,United States,NBA 2007-2008 Players Information
Rasual Butler,GF,6-7,215,28,NOP,51,5,La Salle,2002 Rnd 2 Pick 24,United States,NBA 2007-2008 Players Information
Andrew Bynum,C,7-0,285,20,LAL,35,2,St. Joseph High School (New Jersey),2005 Rnd 1 Pick 10,United States,NBA 2007-2008 Players Information
Jose Calderon,G,6-3,200,26,TOR,82,2,Baskonia (Spain),"2003 NBA Draft, Undrafted",Spain,NBA 2007-2008 Players Information
Marcus Camby,C,6-11,240,33,DEN,79,11,Massachusetts,1996 Rnd 1 Pick 2,United States,NBA 2007-2008 Players Information
Brian Cardinal,PF,6-8,245,30,MEM,37,7,Purdue,2000 Rnd 2 Pick 15,United States,NBA 2007-2008 Players Information
Rodney Carney,F,6-7,205,23,PHI,70,1,Memphis,2006 Rnd 1 Pick 16,United States,NBA 2007-2008 Players Information
Matt Carroll,GF,6-6,212,27,CHA,80,4,Notre Dame,"2003 NBA Draft, Undrafted",United States,NBA 2007-2008 Players Information
Anthony Carter,PG,6-1,190,32,DEN,70,9,Hawaii,"1998 NBA Draft, Undrafted",United States,NBA 2007-2008 Players Information
Vince Carter,SF,6-6,220,31,NJN,76,9,North Carolina,1998 Rnd 1 Pick 5,United States,NBA 2007-2008 Players Information
Sam Cassell,G,6-3,185,38,"BOS, LAC",55,14,Florida State,1993 Rnd 1 Pick 24,United States,NBA 2007-2008 Players Information
Tyson Chandler,C,7-1,240,25,NOP,79,6,Dominguez High School (California),2001 Rnd 1 Pick 2,United States,NBA 2007-2008 Players Information
Wilson Chandler,SF,6-9,225,20,NYK,35,0,DePaul,2007 Rnd 1 Pick 23,United States,NBA 2007-2008 Players Information
Josh Childress,SF,6-8,210,24,ATL,76,3,Stanford,2004 Rnd 1 Pick 6,United States,NBA 2007-2008 Players Information
Jarron Collins,C,6-11,248,29,UTA,70,6,Stanford,2001 Rnd 2 Pick 24,United States,NBA 2007-2008 Players Information
Jason Collins,C,7-0,255,29,"MEM, NJN",74,6,Stanford,2001 Rnd 1 Pick 18,United States,NBA 2007-2008 Players Information
Mardy Collins,G,6-6,220,23,NYK,46,1,Temple,2006 Rnd 1 Pick 29,United States,NBA 2007-2008 Players Information
Nick Collison,FC,6-10,255,27,SEA,78,4,Kansas,2003 Rnd 1 Pick 12,United States,NBA 2007-2008 Players Information
Mike Conley,PG,6-0,175,20,MEM,53,0,Ohio State,2007 Rnd 1 Pick 4,United States,NBA 2007-2008 Players Information
Brian Cook,PF,6-9,234,27,"LAL, ORL",51,4,Illinois,2003 Rnd 1 Pick 24,United States,NBA 2007-2008 Players Information
Daequan Cook,G,6-5,205,20,MIA,59,0,Ohio State,2007 Rnd 1 Pick 21,United States,NBA 2007-2008 Players Information
Jamal Crawford,SG,6-5,195,27,NYK,80,7,Michigan,2000 Rnd 1 Pick 8,United States,NBA 2007-2008 Players Information
Javaris Crittenton,G,6-5,200,20,"LAL, MEM",50,0,Georgia Tech,2007 Rnd 1 Pick 19,United States,NBA 2007-2008 Players Information
Austin Croshere,F,6-9,235,32,GSW,44,10,Providence,1997 Rnd 1 Pick 12,United States,NBA 2007-2008 Players Information
Eddy Curry,C,7-0,295,25,NYK,59,6,Thornwood High School (Illinois),2001 Rnd 1 Pick 4,United States,NBA 2007-2008 Players Information
Samuel Dalembert,C,6-11,250,26,PHI,82,6,Seton Hall,2001 Rnd 1 Pick 26,CanadaHaiti,NBA 2007-2008 Players Information
Erick Dampier,C,6-11,265,32,DAL,72,11,Mississippi State,1996 Rnd 1 Pick 10,United States,NBA 2007-2008 Players Information
Antonio Daniels,G,6-4,195,32,WAS,71,10,Bowling Green,1997 Rnd 1 Pick 4,United States,NBA 2007-2008 Players Information
Marquis Daniels,SF,6-6,200,27,IND,74,4,Auburn,"2003 NBA Draft, Undrafted",United States,NBA 2007-2008 Players Information
Jermareo Davidson,PF,6-10,230,23,CHA,38,0,Alabama,2007 Rnd 2 Pick 6,United States,NBA 2007-2008 Players Information
Baron Davis,G,6-3,215,28,GSW,82,8,UCLA,1999 Rnd 1 Pick 3,United States,NBA 2007-2008 Players Information
Glen Davis,PF,6-9,289,22,BOS,69,0,LSU,2007 Rnd 2 Pick 5,United States,NBA 2007-2008 Players Information
Paul Davis,FC,6-11,270,23,LAC,22,1,Michigan State,2006 Rnd 2 Pick 4,United States,NBA 2007-2008 Players Information
Ricky Davis,GF,6-7,195,28,MIA,82,9,Iowa,1998 Rnd 1 Pick 21,United States,NBA 2007-2008 Players Information
Carlos Delfino,SG,6-6,230,25,TOR,82,3,Fortituto Kontatto Bologna (Italy),2003 Rnd 1 Pick 25,Argentina,NBA 2007-2008 Players Information
Luol Deng,GF,6-9,220,22,CHI,63,3,Duke,2004 Rnd 1 Pick 7,EnglandSouth Sudan,NBA 2007-2008 Players Information
Boris Diaw,PF,6-8,250,25,PHX,82,4,Pau-Orthez (France),2003 Rnd 1 Pick 21,France,NBA 2007-2008 Players Information
Yakhouba Diawara,SF,6-7,225,25,DEN,54,1,Pepperdine,"2005 NBA Draft, Undrafted",France,NBA 2007-2008 Players Information
Guillermo Diaz,G,6-2,192,22,LAC,6,0,Miami (FL),2006 Rnd 2 Pick 22,Puerto RicoUnited States,NBA 2007-2008 Players Information
Dan Dickau,G,6-0,190,29,LAC,67,5,Gonzaga,2002 Rnd 1 Pick 28,United States,NBA 2007-2008 Players Information
Kaniel Dickens,F,6-8,215,29,CLE,5,4,Idaho,2000 Rnd 2 Pick 21,United States,NBA 2007-2008 Players Information
Travis Diener,PG,6-1,174,26,IND,66,2,Marquette,2005 Rnd 2 Pick 8,United StatesItaly,NBA 2007-2008 Players Information
Ike Diogu,PF,6-8,255,24,IND,30,2,Arizona State,2005 Rnd 1 Pick 9,United StatesNigeria,NBA 2007-2008 Players Information
DeSagana Diop,C,7-0,280,26,"DAL, NJN",79,6,Oak Hill Academy (Virginia),2001 Rnd 1 Pick 8,Senegal,NBA 2007-2008 Players Information
Juan Dixon,G,6-3,164,29,"DET, TOR",53,5,Maryland,2002 Rnd 1 Pick 17,United States,NBA 2007-2008 Players Information
Michael Doleac,C,6-11,262,30,MIN,24,9,Utah,1998 Rnd 1 Pick 12,United States,NBA 2007-2008 Players Information
Keyon Dooling,G,6-3,196,27,ORL,72,7,Missouri,2000 Rnd 1 Pick 10,United States,NBA 2007-2008 Players Information
Quincy Douby,G,6-3,175,23,SAC,74,1,Rutgers,2006 Rnd 1 Pick 19,United States,NBA 2007-2008 Players Information
Jared Dudley,PF,6-7,237,22,CHA,73,0,Boston College,2007 Rnd 1 Pick 22,United States,NBA 2007-2008 Players Information
Chris Duhon,G,6-1,190,25,CHI,66,3,Duke,2004 Rnd 2 Pick 9,United States,NBA 2007-2008 Players Information
Tim Duncan,FC,6-11,250,31,SAS,78,10,Wake Forest,1997 Rnd 1 Pick 1,United States,NBA 2007-2008 Players Information
Mike Dunleavy,GF,6-9,230,27,IND,82,5,Duke,2002 Rnd 1 Pick 3,United States,NBA 2007-2008 Players Information
Ronald Dupree,F,6-7,209,27,"DET, SEA",5,4,LSU,"2003 NBA Draft, Undrafted",United States,NBA 2007-2008 Players Information
Kevin Durant,SF,6-11,240,19,SEA,80,0,Texas,2007 Rnd 1 Pick 2,United States,NBA 2007-2008 Players Information
Monta Ellis,G,6-3,185,22,GSW,81,2,Lanier High School (Mississippi),2005 Rnd 2 Pick 10,United States,NBA 2007-2008 Players Information
Francisco Elson,C-F,7-0,235,32,"SAN, SEA",63,4,California,1999 Rnd 2 Pick 12,NetherlandsSouth Sudan,NBA 2007-2008 Players Information
Melvin Ely,FC,6-10,261,29,NOP,52,5,Fresno State,2002 Rnd 1 Pick 12,United States,NBA 2007-2008 Players Information
Maurice Evans,G-F,6-5,220,29,"LAL, ORL",75,5,Texas,"2001 NBA Draft, Undrafted",United States,NBA 2007-2008 Players Information
Reggie Evans,PF,6-8,245,27,PHI,81,5,Iowa,"2002 NBA Draft, Undrafted",United States,NBA 2007-2008 Players Information
Jordan Farmar,PG,6-2,180,21,LAL,82,1,UCLA,2006 Rnd 1 Pick 26,United States,NBA 2007-2008 Players Information
Nick Fazekas,F,6-11,240,22,"DAL, LAC",26,0,Nevada,2007 Rnd 2 Pick 4,United StatesJapan,NBA 2007-2008 Players Information
Raymond Felton,PG,6-1,205,23,CHA,79,2,North Carolina,2005 Rnd 1 Pick 5,United States,NBA 2007-2008 Players Information
Kyrylo Fesenko,C,7-1,280,21,UTA,9,0,BK Cherkassy (Ukraine),2007 Rnd 2 Pick 8,Ukraine,NBA 2007-2008 Players Information
Michael Finley,G-F,6-7,225,34,SAS,82,12,Wisconsin,1995 Rnd 1 Pick 21,United States,NBA 2007-2008 Players Information
Derek Fisher,G,6-1,210,33,LAL,82,11,Little Rock,1996 Rnd 1 Pick 24,United States,NBA 2007-2008 Players Information
T.J. Ford,PG,6-0,165,24,TOR,51,4,Texas,2003 Rnd 1 Pick 8,United States,NBA 2007-2008 Players Information
Jeff Foster,C,6-11,236,31,IND,77,8,Texas State,1999 Rnd 1 Pick 21,United States,NBA 2007-2008 Players Information
Randy Foye,G,6-4,218,24,MIN,39,1,Villanova,2006 Rnd 1 Pick 7,United States,NBA 2007-2008 Players Information
Adonal Foyle,C,6-10,250,32,ORL,82,10,Colgate,1997 Rnd 1 Pick 8,Saint Vincent and the GrenadinesUnited States,NBA 2007-2008 Players Information
Richie Frahm,G,6-5,210,30,LAC,10,4,Gonzaga,"2000 NBA Draft, Undrafted",United States,NBA 2007-2008 Players Information
Steve Francis,G,6-3,195,31,HOU,10,8,Maryland,1999 Rnd 1 Pick 2,United States,NBA 2007-2008 Players Information
Channing Frye,FC,7-0,255,24,POR,78,2,Arizona,2005 Rnd 1 Pick 8,United States,NBA 2007-2008 Players Information
Dan Gadzuric,FC,6-11,240,30,MIL,51,5,UCLA,2002 Rnd 2 Pick 5,NetherlandsUnited States,NBA 2007-2008 Players Information
Jorge Garbajosa,F,6-9,245,30,TOR,7,1,Unicaja (Spain),"1999 NBA Draft, Undrafted",Spain,NBA 2007-2008 Players Information
Francisco Garcia,GF,6-7,195,26,SAC,79,2,Louisville,2005 Rnd 1 Pick 23,Dominican Republic,NBA 2007-2008 Players Information
Thomas Gardner,G,6-5,225,23,CHI,4,0,Missouri,"2006 NBA Draft, Undrafted",United States,NBA 2007-2008 Players Information
Kevin Garnett,PF,6-11,240,31,BOS,71,12,Farragut Career Academy (Illinois),1995 Rnd 1 Pick 5,United States,NBA 2007-2008 Players Information
Pat Garrity,F,6-9,238,31,ORL,31,9,Notre Dame,1998 Rnd 1 Pick 19,United States,NBA 2007-2008 Players Information
Pau Gasol,FC,7-0,250,27,"LAL, MEM",66,6,Barca (Spain),2001 Rnd 1 Pick 3,Spain,NBA 2007-2008 Players Information
Rudy Gay,SF,6-7,250,21,MEM,81,1,UConn,2006 Rnd 1 Pick 8,United States,NBA 2007-2008 Players Information
Mickael Gelabale,F,6-7,215,24,SEA,39,1,Real Madrid (Spain),2005 Rnd 2 Pick 18,France,NBA 2007-2008 Players Information
Devean George,F-G,6-8,235,30,DAL,53,8,Augsburg College,1999 Rnd 1 Pick 23,United States,NBA 2007-2008 Players Information
Daniel Gibson,G,6-2,200,22,CLE,58,1,Texas,2006 Rnd 2 Pick 12,United States,NBA 2007-2008 Players Information
Eddie Gill,PG,6-0,190,29,"NJN, SEA",14,6,Weber State,"2000 NBA Draft, Undrafted",United States,NBA 2007-2008 Players Information
Manu Ginobili,SG,6-6,205,30,SAS,74,5,Viola Reggio Calabria (Italy),1999 Rnd 2 Pick 28,Argentina,NBA 2007-2008 Players Information
Gordan Giricek,G-F,6-6,210,30,"PHL, PHX, UTH",56,5,KK Cibona (Croatia),1999 Rnd 2 Pick 11,Croatia,NBA 2007-2008 Players Information
Ryan Gomes,F,6-7,245,25,MIN,82,2,Providence,2005 Rnd 2 Pick 20,United States,NBA 2007-2008 Players Information
Drew Gooden,FC,6-10,250,26,"CHI, CLE",69,5,Kansas,2002 Rnd 1 Pick 4,United States,NBA 2007-2008 Players Information
Ben Gordon,SG,6-3,200,24,CHI,72,3,UConn,2004 Rnd 1 Pick 3,EnglandUnited States,NBA 2007-2008 Players Information
Marcin Gortat,FC,6-11,240,24,ORL,6,0,Koln 99ers (Germany),2005 Rnd 2 Pick 27,Poland,NBA 2007-2008 Players Information
Joey Graham,G,6-7,225,25,TOR,38,2,Oklahoma State,2005 Rnd 1 Pick 16,United States,NBA 2007-2008 Players Information
Stephen Graham,GF,6-6,215,25,IND,22,2,Oklahoma State,"2005 NBA Draft, Undrafted",United States,NBA 2007-2008 Players Information
Danny Granger,GF,6-9,222,24,IND,80,2,New Mexico,2005 Rnd 1 Pick 17,United States,NBA 2007-2008 Players Information
Aaron Gray,C,7-0,270,23,CHI,61,0,Pittsburgh,2007 Rnd 2 Pick 19,United States,NBA 2007-2008 Players Information
Gerald Green,GF,6-7,205,22,"HOU, MIN",30,2,Gulf Shores Academy (Texas),2005 Rnd 1 Pick 18,United States,NBA 2007-2008 Players Information
Jeff Green,F,6-8,235,21,SEA,80,0,Georgetown,2007 Rnd 1 Pick 5,United States,NBA 2007-2008 Players Information
Taurean Green,PG,6-0,177,21,"DEN, POR",17,0,Florida,2007 Rnd 2 Pick 22,United States,NBA 2007-2008 Players Information
Willie Green,SG,6-3,201,26,PHI,74,4,Detroit-Mercy,2003 Rnd 2 Pick 12,United States,NBA 2007-2008 Players Information
Orien Greene,G,6-5,218,26,SAC,7,2,Louisiana,2005 Rnd 2 Pick 23,United States,NBA 2007-2008 Players Information
Adrian Griffin,G-F,6-5,217,33,"CHI, SEA",35,9,Seton Hall,"1996 NBA Draft, Undrafted",United States,NBA 2007-2008 Players Information
Richard Hamilton,SG,6-7,193,30,DET,72,8,UConn,1999 Rnd 1 Pick 7,United States,NBA 2007-2008 Players Information
Penny Hardaway,PG,6-7,195,36,MIA,16,13,Memphis,1993 Rnd 1 Pick 3,United States,NBA 2007-2008 Players Information
Matt Harpring,F,6-7,230,31,UTA,76,9,Georgia Tech,1998 Rnd 1 Pick 15,United States,NBA 2007-2008 Players Information
Al Harrington,F,6-9,245,28,GSW,81,9,St. Patrick High School (New Jersey),1998 Rnd 1 Pick 25,United States,NBA 2007-2008 Players Information
Othella Harrington,F-C,6-9,235,34,CHA,22,11,Georgetown,1996 Rnd 2 Pick 1,United States,NBA 2007-2008 Players Information
Devin Harris,G,6-3,185,25,"DAL, NJN",64,3,Wisconsin,2004 Rnd 1 Pick 5,United States,NBA 2007-2008 Players Information
Mike Harris,F,6-6,242,24,HOU,17,0,Rice,"2005 NBA Draft, Undrafted",United States,NBA 2007-2008 Players Information
David Harrison,C,7-0,254,25,IND,55,3,Colorado,2004 Rnd 1 Pick 29,United States,NBA 2007-2008 Players Information
Jason Hart,G,6-3,180,29,UTA,57,6,Syracuse,2000 Rnd 2 Pick 20,United States,NBA 2007-2008 Players Information
Udonis Haslem,FC,6-7,235,27,MIA,49,4,Florida,"2002 NBA Draft, Undrafted",United States,NBA 2007-2008 Players Information
Trenton Hassell,F,6-5,227,28,"DAL, NJN",63,6,Austin Peay,2001 Rnd 2 Pick 1,United States,NBA 2007-2008 Players Information
Spencer Hawes,C,7-1,245,19,SAC,71,0,Washington,2007 Rnd 1 Pick 10,United States,NBA 2007-2008 Players Information
Chuck Hayes,PF,6-6,240,24,HOU,79,2,Kentucky,"2005 NBA Draft, Undrafted",United States,NBA 2007-2008 Players Information
Jarvis Hayes,SF,6-6,220,26,DET,82,4,Georgia,2003 Rnd 1 Pick 10,United StatesQatar,NBA 2007-2008 Players Information
Brendan Haywood,C,7-0,263,28,WAS,80,6,North Carolina,2001 Rnd 1 Pick 20,United States,NBA 2007-2008 Players Information
Luther Head,G,6-3,185,25,HOU,73,2,Illinois,2005 Rnd 1 Pick 24,United States,NBA 2007-2008 Players Information
Walter Herrmann,F,6-9,225,28,"CHA, DET",45,1,Unicaja (Spain),"2001 NBA Draft, Undrafted",Argentina,NBA 2007-2008 Players Information
Grant Hill,SF,6-8,225,35,PHX,70,13,Duke,1994 Rnd 1 Pick 3,United States,NBA 2007-2008 Players Information
Kirk Hinrich,G,6-4,190,27,CHI,75,4,Kansas,2003 Rnd 1 Pick 7,United States,NBA 2007-2008 Players Information
Ryan Hollins,C,7-0,230,23,CHA,60,1,UCLA,2006 Rnd 2 Pick 20,United States,NBA 2007-2008 Players Information
Al Horford,FC,6-9,240,21,ATL,81,0,Florida,2007 Rnd 1 Pick 3,Dominican RepublicUnited States,NBA 2007-2008 Players Information
Robert Horry,PF,6-9,220,37,SAS,45,15,Alabama,1992 Rnd 1 Pick 11,United States,NBA 2007-2008 Players Information
Eddie House,G,6-1,190,29,BOS,78,7,Arizona State,2000 Rnd 2 Pick 8,United States,NBA 2007-2008 Players Information
Dwight Howard,C,6-11,265,22,ORL,82,3,Southwest Atlanta Christian Academy (Georgia),2004 Rnd 1 Pick 1,United States,NBA 2007-2008 Players Information
Josh Howard,GF,6-7,210,27,DAL,76,4,Wake Forest,2003 Rnd 1 Pick 29,United States,NBA 2007-2008 Players Information
Juwan Howard,PF,6-9,240,35,DAL,50,13,Michigan,1994 Rnd 1 Pick 5,United States,NBA 2007-2008 Players Information
Troy Hudson,G,6-1,170,31,GSW,9,10,Southern Illinois,"1997 NBA Draft, Undrafted",United States,NBA 2007-2008 Players Information
Larry Hughes,G,6-5,184,29,"CHI, CLE",68,9,Saint Louis,1998 Rnd 1 Pick 8,United States,NBA 2007-2008 Players Information
Kris Humphries,PF,6-9,235,23,TOR,70,3,Minnesota,2004 Rnd 1 Pick 14,United States,NBA 2007-2008 Players Information
Lindsey Hunter,G,6-2,195,37,DET,24,14,Jackson State,1993 Rnd 1 Pick 10,United States,NBA 2007-2008 Players Information
Steven Hunter,F-C,7-0,240,26,DEN,19,6,DePaul,2001 Rnd 1 Pick 15,United States,NBA 2007-2008 Players Information
Andre Iguodala,SF,6-6,215,24,PHI,82,3,Arizona,2004 Rnd 1 Pick 9,United States,NBA 2007-2008 Players Information
Zydrunas Ilgauskas,C,7-3,260,32,CLE,73,11,BC Aisciai-Atletas (Lithuania),1996 Rnd 1 Pick 20,Lithuania,NBA 2007-2008 Players Information
Allen Iverson,G,6-0,165,32,DEN,82,11,Georgetown,1996 Rnd 1 Pick 1,United States,NBA 2007-2008 Players Information
Royal Ivey,G,6-4,215,26,MIL,75,3,Texas,2004 Rnd 2 Pick 8,United States,NBA 2007-2008 Players Information
Jarrett Jack,G,6-3,200,24,POR,82,2,Georgia Tech,2005 Rnd 1 Pick 22,United States,NBA 2007-2008 Players Information
Bobby Jackson,G,6-1,185,34,"HOU, NOP",72,10,Minnesota,1997 Rnd 1 Pick 23,United States,NBA 2007-2008 Players Information
Luke Jackson,SF,6-7,215,26,MIA,14,3,Oregon,2004 Rnd 1 Pick 10,United States,NBA 2007-2008 Players Information
Stephen Jackson,GF,6-8,220,29,GSW,73,10,Butler CC,1997 Rnd 2 Pick 14,United States,NBA 2007-2008 Players Information
Casey Jacobsen,SG,6-6,214,26,MEM,53,3,Stanford,2002 Rnd 1 Pick 22,United States,NBA 2007-2008 Players Information
Jerome James,C,7-0,300,32,NYK,2,8,Florida A&M,1998 Rnd 2 Pick 7,United States,NBA 2007-2008 Players Information
LeBron James,F,6-9,250,23,CLE,75,4,St. Vincent St. Mary High School (Ohio),2003 Rnd 1 Pick 1,United States,NBA 2007-2008 Players Information
Mike James,G,6-2,188,32,"HOU, NOP",54,6,Duquesne,"1998 NBA Draft, Undrafted",United States,NBA 2007-2008 Players Information
Antawn Jamison,F,6-9,235,31,WAS,79,9,North Carolina,1998 Rnd 1 Pick 4,United States,NBA 2007-2008 Players Information
Marko Jaric,GF,6-7,224,29,MIN,75,5,Fortituto Kontatto Bologna (Italy),2000 Rnd 2 Pick 1,SerbiaGreece,NBA 2007-2008 Players Information
Al Jefferson,FC,6-10,289,23,MIN,82,3,Prentiss High School (Mississippi),2004 Rnd 1 Pick 15,United States,NBA 2007-2008 Players Information
Richard Jefferson,SF,6-7,233,27,NJN,82,6,Arizona,2001 Rnd 1 Pick 13,United States,NBA 2007-2008 Players Information
Jared Jeffries,PF,6-11,240,26,NYK,73,5,Indiana,2002 Rnd 1 Pick 11,United States,NBA 2007-2008 Players Information
Alexander Johnson,F,6-9,240,25,MIA,43,1,Florida State,2006 Rnd 2 Pick 15,United States,NBA 2007-2008 Players Information
Amir Johnson,PF,6-9,240,20,DET,62,2,Westchester High School (California),2005 Rnd 2 Pick 26,United States,NBA 2007-2008 Players Information
Anthony Johnson,G,6-3,195,33,"ATL, SAC",69,10,Charleston,1997 Rnd 2 Pick 11,United States,NBA 2007-2008 Players Information
DerMarr Johnson,GF,6-9,201,27,SAS,5,7,Cincinnati,2000 Rnd 1 Pick 6,United States,NBA 2007-2008 Players Information
Joe Johnson,SG,6-7,240,26,ATL,82,6,Arkansas,2001 Rnd 1 Pick 10,United States,NBA 2007-2008 Players Information
Linton Johnson,F,6-8,205,27,"PHX, TOR",8,4,Tulane,"2002 NBA Draft, Undrafted",United States,NBA 2007-2008 Players Information
Bobby Jones,F,6-7,215,24,"DEN, HOU, MEM, MIA, SAN",47,1,Washington,2006 Rnd 2 Pick 7,United States,NBA 2007-2008 Players Information
Dahntay Jones,GF,6-6,225,27,SAC,25,4,Duke,2003 Rnd 1 Pick 20,United States,NBA 2007-2008 Players Information
Damon Jones,G,6-3,185,31,CLE,67,9,Houston,"1997 NBA Draft, Undrafted",United States,NBA 2007-2008 Players Information
Dwayne Jones,C,6-11,248,24,CLE,56,2,Saint Joseph's,"2005 NBA Draft, Undrafted",United States,NBA 2007-2008 Players Information
Eddie Jones,G-F,6-6,200,36,DAL,47,13,Temple,1994 Rnd 1 Pick 10,United States,NBA 2007-2008 Players Information
Fred Jones,G,6-4,210,28,NYK,70,5,Oregon,2002 Rnd 1 Pick 14,United States,NBA 2007-2008 Players Information
James Jones,SF,6-8,218,27,POR,58,4,Miami (FL),2003 Rnd 2 Pick 20,United States,NBA 2007-2008 Players Information
Solomon Jones,C,6-10,230,23,ATL,35,1,South Florida,2006 Rnd 2 Pick 3,United States,NBA 2007-2008 Players Information
Chris Kaman,C,7-0,265,25,LAC,56,4,Central Michigan,2003 Rnd 1 Pick 6,United StatesGermany,NBA 2007-2008 Players Information
Jason Kapono,SF,6-8,213,27,TOR,81,4,UCLA,2003 Rnd 2 Pick 2,United States,NBA 2007-2008 Players Information
Coby Karl,SF,6-5,215,24,LAL,17,0,Boise State,"2007 NBA Draft, Undrafted",United States,NBA 2007-2008 Players Information
Viktor Khryapa,PF,6-7,220,25,CHI,9,3,CSKA Moscow (Russia),2004 Rnd 1 Pick 22,Russia,NBA 2007-2008 Players Information
Jason Kidd,PG,6-4,210,34,"DAL, NJN",80,13,California,1994 Rnd 1 Pick 2,United States,NBA 2007-2008 Players Information
Tarence Kinsey,GF,6-6,185,23,MEM,11,1,South Carolina,"2006 NBA Draft, Undrafted",United States,NBA 2007-2008 Players Information
Andrei Kirilenko,PF,6-9,235,27,UTA,72,6,CSKA Moscow (Russia),1999 Rnd 1 Pick 24,Russia,NBA 2007-2008 Players Information
Linas Kleiza,F,6-8,234,23,DEN,79,2,Missouri,2005 Rnd 1 Pick 27,Lithuania,NBA 2007-2008 Players Information
Brevin Knight,G,5-10,170,32,LAC,74,10,Stanford,1997 Rnd 1 Pick 16,United States,NBA 2007-2008 Players Information
Kyle Korver,SF,6-7,212,26,"PHL, UTH",75,4,Creighton,2003 Rnd 2 Pick 22,United States,NBA 2007-2008 Players Information
Nenad Krstic,C,6-10,255,24,NJN,45,3,KK Partizan (Serbia),2002 Rnd 1 Pick 24,Serbia,NBA 2007-2008 Players Information
Raef LaFrentz,F,6-11,245,31,POR,39,9,Kansas,1998 Rnd 1 Pick 3,United States,NBA 2007-2008 Players Information
Carl Landry,F,6-9,248,24,HOU,42,0,Purdue,2007 Rnd 2 Pick 1,United States,NBA 2007-2008 Players Information
Keith Langford,G,6-4,202,24,SAS,2,0,Kansas,"2005 NBA Draft, Undrafted",United States,NBA 2007-2008 Players Information
Yann Ulrich Stephane Lasme,F,6-8,215,25,"GOS, MIA",16,0,Massachusetts,2007 Rnd 2 Pick 16,Gabon,NBA 2007-2008 Players Information
Acie Law,SG,6-3,202,23,ATL,56,0,Texas A&M,2007 Rnd 1 Pick 11,United States,NBA 2007-2008 Players Information
David Lee,FC,6-9,245,24,NYK,81,2,Florida,2005 Rnd 1 Pick 30,United States,NBA 2007-2008 Players Information
Rashard Lewis,F,6-10,235,28,ORL,81,9,Alief Elsik High School (Texas),1998 Rnd 2 Pick 3,United States,NBA 2007-2008 Players Information
Kyle Lowry,PG,6-0,196,21,MEM,82,1,Villanova,2006 Rnd 1 Pick 24,United States,NBA 2007-2008 Players Information
Tyronn Lue,G,6-0,170,30,"ATL, DAL",50,9,Nebraska,1998 Rnd 1 Pick 23,United States,NBA 2007-2008 Players Information
Mark Madsen,C-F,6-9,240,32,MIN,20,7,Stanford,2000 Rnd 1 Pick 29,United States,NBA 2007-2008 Players Information
Corey Maggette,GF,6-6,225,28,LAC,70,8,Duke,1999 Rnd 1 Pick 13,United States,NBA 2007-2008 Players Information
Jamaal Magloire,C,6-11,259,29,"DAL, NJN",31,7,Kentucky,2000 Rnd 1 Pick 19,Canada,NBA 2007-2008 Players Information
Ian Mahinmi,C,6-11,262,21,SAS,6,0,STB Le Havre (France),2005 Rnd 1 Pick 28,France,NBA 2007-2008 Players Information
Stephon Marbury,G,6-2,180,31,NYK,24,11,Georgia Tech,1996 Rnd 1 Pick 4,United States,NBA 2007-2008 Players Information
Shawn Marion,F,6-7,228,29,"MIA, PHX",63,8,UNLV,1999 Rnd 1 Pick 9,United States,NBA 2007-2008 Players Information
Sean Marks,F-C,6-10,250,32,PHX,19,8,California,1998 Rnd 2 Pick 15,New Zealand,NBA 2007-2008 Players Information
Donyell Marshall,F,6-9,245,34,"CLE, SEA",26,13,UConn,1994 Rnd 1 Pick 4,United States,NBA 2007-2008 Players Information
Darrick Martin,G,5-11,170,36,TOR,17,12,UCLA,"1992 NBA Draft, Undrafted",United States,NBA 2007-2008 Players Information
Kenyon Martin,F,6-9,240,30,DEN,71,7,Cincinnati,2000 Rnd 1 Pick 1,United States,NBA 2007-2008 Players Information
Kevin Martin,SG,6-7,199,25,SAC,61,3,Western Carolina,2004 Rnd 1 Pick 26,United States,NBA 2007-2008 Players Information
Desmond Mason,G-F,6-7,224,30,MIL,59,7,Oklahoma State,2000 Rnd 1 Pick 17,United States,NBA 2007-2008 Players Information
Roger Mason,SG,6-5,205,27,WAS,80,4,Virginia,2002 Rnd 2 Pick 2,United States,NBA 2007-2008 Players Information
Jason Maxiell,PF,6-7,260,25,DET,82,2,Cincinnati,2005 Rnd 1 Pick 26,United States,NBA 2007-2008 Players Information
D.J. Mbenga,FC,7-0,255,27,"GOS, LAL",42,3,OpenJobMetis Varese (Italy),"2002 NBA Draft, Undrafted",Democratic Republic of the CongoBelgium,NBA 2007-2008 Players Information
Rashad McCants,G,6-4,200,23,MIN,75,2,North Carolina,2005 Rnd 1 Pick 14,United States,NBA 2007-2008 Players Information
Jelani McCoy,FC,6-10,245,30,DEN,6,7,UCLA,1998 Rnd 2 Pick 4,United States,NBA 2007-2008 Players Information
Antonio McDyess,F,6-9,245,33,DET,78,12,Alabama,1995 Rnd 1 Pick 2,United States,NBA 2007-2008 Players Information
Tracy McGrady,GF,6-8,210,28,HOU,66,10,Mt. Zion Christian Academy (North Carolina),1997 Rnd 1 Pick 9,United States,NBA 2007-2008 Players Information
Dominic McGuire,F,6-9,235,22,WAS,70,0,Fresno State,2007 Rnd 2 Pick 17,United States,NBA 2007-2008 Players Information
Jeff McInnis,G,6-4,190,33,CHA,54,10,North Carolina,1996 Rnd 2 Pick 8,United States,NBA 2007-2008 Players Information
Josh McRoberts,PF,6-10,240,21,POR,8,0,Duke,2007 Rnd 2 Pick 7,United States,NBA 2007-2008 Players Information
Chris Mihm,C,7-0,265,28,LAL,23,7,Texas,2000 Rnd 1 Pick 7,United States,NBA 2007-2008 Players Information
C.J. Miles,GF,6-6,220,20,UTA,60,2,Skyline High School  (Texas),2005 Rnd 2 Pick 4,United States,NBA 2007-2008 Players Information
Darko Milicic,FC,7-0,275,22,MEM,70,4,KK Vrsac Swisslion (Serbia),2003 Rnd 1 Pick 2,Serbia,NBA 2007-2008 Players Information
Andre Miller,PG,6-3,200,31,PHI,82,8,Utah,1999 Rnd 1 Pick 8,United States,NBA 2007-2008 Players Information
Brad Miller,C,7-0,261,31,SAC,72,9,Purdue,"1998 NBA Draft, Undrafted",United States,NBA 2007-2008 Players Information
Mike Miller,GF,6-8,218,28,MEM,70,7,Florida,2000 Rnd 1 Pick 5,United States,NBA 2007-2008 Players Information
Paul Millsap,FC,6-7,250,23,UTA,82,1,Louisiana Tech,2006 Rnd 2 Pick 17,United States,NBA 2007-2008 Players Information
Yao Ming,C,7-6,310,27,HOU,55,5,Shanghai Dongfang (China),2002 Rnd 1 Pick 1,China,NBA 2007-2008 Players Information
Cuttino Mobley,G,6-4,190,32,LAC,77,9,Rhode Island,1998 Rnd 2 Pick 12,United States,NBA 2007-2008 Players Information
Nazr Mohammed,C,6-10,250,30,"CHA, DET",82,9,Kentucky,1998 Rnd 1 Pick 29,United States,NBA 2007-2008 Players Information
Jamario Moon,F,6-8,205,27,TOR,78,0,Meridian,"2001 NBA Draft, Undrafted",United States,NBA 2007-2008 Players Information
Mikki Moore,F-C,6-11,225,32,SAC,82,10,Nebraska,"1997 NBA Draft, Undrafted",United States,NBA 2007-2008 Players Information
Randolph Morris,C,6-11,276,22,NYK,18,1,Kentucky,"2005 NBA Draft, Undrafted",United States,NBA 2007-2008 Players Information
Alonzo Mourning,C,6-10,240,38,MIA,25,15,Georgetown,1992 Rnd 1 Pick 2,United States,NBA 2007-2008 Players Information
Troy Murphy,FC,6-11,245,27,IND,75,6,Notre Dame,2001 Rnd 1 Pick 14,United States,NBA 2007-2008 Players Information
Flip Murray,SG,6-3,200,28,"DET, IND",42,5,Shaw,2002 Rnd 2 Pick 13,United States,NBA 2007-2008 Players Information
Dikembe Mutombo,C,7-2,260,41,HOU,39,16,Georgetown,1991 Rnd 1 Pick 4,Democratic Republic of the Congo,NBA 2007-2008 Players Information
Bostjan Nachbar,F,6-10,220,27,NJN,75,5,Universo De'Longhi Treviso (Italy),2002 Rnd 1 Pick 15,Slovenia,NBA 2007-2008 Players Information
Eduardo Najera,F,6-8,235,31,DEN,78,7,Oklahoma,2000 Rnd 2 Pick 9,Mexico,NBA 2007-2008 Players Information
Steve Nash,G,6-3,178,34,PHX,81,11,Santa Clara,1996 Rnd 1 Pick 15,CanadaSouth Africa,NBA 2007-2008 Players Information
Juan Carlos Navarro,SG,6-4,170,27,MEM,82,0,Barca (Spain),2002 Rnd 2 Pick 11,Spain,NBA 2007-2008 Players Information
Jameer Nelson,G,6-0,190,26,ORL,69,3,Saint Joseph's,2004 Rnd 1 Pick 20,United States,NBA 2007-2008 Players Information
Maybyner Nene,C,6-11,250,25,DEN,16,5,Vasco da Gama (Brazil),2002 Rnd 1 Pick 7,Brazil,NBA 2007-2008 Players Information
Rasho Nesterovic,C,7-0,255,31,TOR,71,9,Virtus Bologna (Italy),1998 Rnd 1 Pick 17,Slovenia,NBA 2007-2008 Players Information
Ira Newble,G-F,6-7,220,33,"CLE, LAL, SEA",49,8,Miami (OH),"1997 NBA Draft, Undrafted",United States,NBA 2007-2008 Players Information
Demetris Nichols,SF,6-8,216,23,"CHI, CLE",14,0,Syracuse,2007 Rnd 2 Pick 23,United States,NBA 2007-2008 Players Information
Joakim Noah,FC,6-11,230,23,CHI,74,0,Florida,2007 Rnd 1 Pick 9,FranceUnited States,NBA 2007-2008 Players Information
Andres Nocioni,F,6-7,225,28,CHI,82,3,Baskonia (Spain),"2001 NBA Draft, Undrafted",Argentina,NBA 2007-2008 Players Information
Steve Novak,F,6-10,225,24,HOU,35,1,Marquette,2006 Rnd 2 Pick 2,United States,NBA 2007-2008 Players Information
Dirk Nowitzki,PF,7-0,245,29,DAL,77,9,DJK Wurzburg (Germany),1998 Rnd 1 Pick 9,Germany,NBA 2007-2008 Players Information
Patrick O'Bryant,C,7-0,250,21,GSW,24,1,Bradley,2006 Rnd 1 Pick 9,United States,NBA 2007-2008 Players Information
Jermaine O'Neal,FC,6-11,235,29,IND,42,11,Eau Claire High School (South Carolina),1996 Rnd 1 Pick 17,United States,NBA 2007-2008 Players Information
Shaquille O'Neal,C,7-1,325,35,"MIA, PHX",61,15,LSU,1992 Rnd 1 Pick 1,United States,NBA 2007-2008 Players Information
Fabricio Oberto,FC,6-10,245,32,SAS,82,2,Valencia Basket (Spain),"1997 NBA Draft, Undrafted",ArgentinaItaly,NBA 2007-2008 Players Information
Lamar Odom,PF,6-10,230,28,LAL,77,8,Rhode Island,1999 Rnd 1 Pick 4,United States,NBA 2007-2008 Players Information
Emeka Okafor,FC,6-10,255,25,CHA,82,3,UConn,2004 Rnd 1 Pick 2,United States,NBA 2007-2008 Players Information
Mehmet Okur,FC,6-11,249,28,UTA,72,5,Anadolu Efes (Turkey),2001 Rnd 2 Pick 9,Turkey,NBA 2007-2008 Players Information
Kevin Ollie,G,6-4,195,35,PHI,40,11,UConn,"1995 NBA Draft, Undrafted",United States,NBA 2007-2008 Players Information
Bo Outlaw,F,6-8,210,36,ORL,2,14,Houston,"1993 NBA Draft, Undrafted",United States,NBA 2007-2008 Players Information
Travis Outlaw,F,6-9,207,23,POR,82,4,Starkville High School (Mississippi),2003 Rnd 1 Pick 23,United States,NBA 2007-2008 Players Information
Andre Owens,G,6-4,200,27,IND,31,1,Houston,"2005 NBA Draft, Undrafted",United States,NBA 2007-2008 Players Information
Zaza Pachulia,C,6-11,270,24,ATL,62,4,Alpella B.K. (Turkey),2003 Rnd 2 Pick 13,Georgia,NBA 2007-2008 Players Information
Jannero Pargo,PG,6-1,185,28,NOP,80,5,Arkansas,"2002 NBA Draft, Undrafted",United States,NBA 2007-2008 Players Information
Anthony Parker,GF,6-6,215,32,TOR,82,4,Bradley,1997 Rnd 1 Pick 21,United States,NBA 2007-2008 Players Information
Smush Parker,G,6-4,190,26,"LAC, MIA",28,5,Fordham,"2002 NBA Draft, Undrafted",United States,NBA 2007-2008 Players Information
Tony Parker,G,6-2,185,25,SAS,69,6,Paris Basket Racing (France),2001 Rnd 1 Pick 28,France,NBA 2007-2008 Players Information
Ruben Patterson,F-G,6-5,223,32,LAC,20,9,Cincinnati,1998 Rnd 2 Pick 2,United States,NBA 2007-2008 Players Information
Chris Paul,PG,6-0,175,22,NOP,80,2,Wake Forest,2005 Rnd 1 Pick 4,United States,NBA 2007-2008 Players Information
Sasha Pavlovic,GF,6-7,235,24,CLE,51,4,Buducnost (Montenegro),2003 Rnd 1 Pick 19,Serbia,NBA 2007-2008 Players Information
Oleksiy Pecherov,C,7-0,232,22,WAS,35,0,Paris Basket Racing (France),2006 Rnd 1 Pick 18,Ukraine,NBA 2007-2008 Players Information
Kendrick Perkins,C,6-10,270,23,BOS,78,4,Ozen High School (Texas),2003 Rnd 1 Pick 27,United States,NBA 2007-2008 Players Information
Kosta Perovic,C,7-2,240,23,GSW,7,0,KK Partizan (Serbia),2006 Rnd 2 Pick 8,Serbia,NBA 2007-2008 Players Information
Morris Peterson,G,6-7,220,30,NOP,76,7,Michigan State,2000 Rnd 1 Pick 21,United States,NBA 2007-2008 Players Information
Johan Petro,C,7-0,247,22,SEA,72,2,Pau-Orthez (France),2005 Rnd 1 Pick 25,France,NBA 2007-2008 Players Information
Eric Piatkowski,G-F,6-7,210,37,PHX,16,13,Nebraska,1994 Rnd 1 Pick 15,United States,NBA 2007-2008 Players Information
Paul Pierce,SF,6-7,235,30,BOS,80,9,Kansas,1998 Rnd 1 Pick 10,United States,NBA 2007-2008 Players Information
Mickael Pietrus,GF,6-6,215,26,GSW,66,4,Pau-Orthez (France),2003 Rnd 1 Pick 11,France,NBA 2007-2008 Players Information
Scot Pollard,C-F,6-11,265,33,BOS,22,10,Kansas,1997 Rnd 1 Pick 19,United States,NBA 2007-2008 Players Information
James Posey,F,6-8,217,31,BOS,74,8,Xavier,1999 Rnd 1 Pick 18,United States,NBA 2007-2008 Players Information
Leon Powe,F,6-8,240,24,BOS,56,1,California,2006 Rnd 2 Pick 19,United States,NBA 2007-2008 Players Information
Josh Powell,FC,6-9,225,25,LAC,64,3,NC State,"2003 NBA Draft, Undrafted",United States,NBA 2007-2008 Players Information
Kasib Powell,F,6-7,215,26,MIA,11,1,Texas Tech,"2003 NBA Draft, Undrafted",United States,NBA 2007-2008 Players Information
Ronnie Price,G,6-2,190,24,UTA,61,2,Utah Valley,"2005 NBA Draft, Undrafted",United States,NBA 2007-2008 Players Information
Tayshaun Prince,F,6-9,212,28,DET,82,5,Kentucky,2002 Rnd 1 Pick 23,United States,NBA 2007-2008 Players Information
Gabe Pruitt,G,6-4,185,21,BOS,15,0,USC,2007 Rnd 2 Pick 2,United States,NBA 2007-2008 Players Information
Joel Przybilla,C,7-1,245,28,POR,77,7,Minnesota,2000 Rnd 1 Pick 9,United States,NBA 2007-2008 Players Information
Chris Quinn,G,6-2,175,24,MIA,60,1,Notre Dame,"2006 NBA Draft, Undrafted",United States,NBA 2007-2008 Players Information
Vladimir Radmanovic,PF,6-10,235,27,LAL,65,6,KK FMP (Serbia),2001 Rnd 1 Pick 12,Serbia,NBA 2007-2008 Players Information
Shavlik Randolph,F,6-10,236,24,PHI,9,2,Duke,"2005 NBA Draft, Undrafted",United States,NBA 2007-2008 Players Information
Zach Randolph,PF,6-9,260,26,NYK,69,6,Michigan State,2001 Rnd 1 Pick 19,United States,NBA 2007-2008 Players Information
Theo Ratliff,C,6-10,235,34,"DET, MIN",26,12,Wyoming,1995 Rnd 1 Pick 18,United States,NBA 2007-2008 Players Information
Michael Redd,G,6-6,220,28,MIL,72,7,Ohio State,2000 Rnd 2 Pick 14,United States,NBA 2007-2008 Players Information
J.J. Redick,G,6-4,200,23,ORL,34,1,Duke,2006 Rnd 1 Pick 11,United States,NBA 2007-2008 Players Information
Chris Richard,F,6-9,255,23,MIN,52,0,Florida,2007 Rnd 2 Pick 11,United States,NBA 2007-2008 Players Information
Jason Richardson,GF,6-6,225,27,CHA,82,6,Michigan State,2001 Rnd 1 Pick 5,United States,NBA 2007-2008 Players Information
Jeremy Richardson,SF,6-7,185,24,"ATL, MEM, SAN",27,1,Delta State,"2006 NBA Draft, Undrafted",United States,NBA 2007-2008 Players Information
Quentin Richardson,GF,6-6,223,27,NYK,65,7,DePaul,2000 Rnd 1 Pick 18,United States,NBA 2007-2008 Players Information
Luke Ridnour,PG,6-2,175,27,SEA,61,4,Oregon,2003 Rnd 1 Pick 14,United States,NBA 2007-2008 Players Information
Nate Robinson,G,5-9,180,23,NYK,72,2,Washington,2005 Rnd 1 Pick 21,United States,NBA 2007-2008 Players Information
Sergio Rodriguez,PG,6-3,176,21,POR,72,1,Movistar Estudiantes (Spain),2006 Rnd 1 Pick 27,Spain,NBA 2007-2008 Players Information
Rajon Rondo,PG,6-1,180,22,BOS,77,1,Kentucky,2006 Rnd 1 Pick 21,United States,NBA 2007-2008 Players Information
Malik Rose,F,6-7,250,33,NYK,49,11,Drexel,1996 Rnd 2 Pick 15,United States,NBA 2007-2008 Players Information
Quinton Ross,GF,6-6,195,26,LAC,76,4,Southern Methodist,"2003 NBA Draft, Undrafted",United States,NBA 2007-2008 Players Information
Brandon Roy,G,6-6,211,23,POR,74,1,Washington,2006 Rnd 1 Pick 6,United States,NBA 2007-2008 Players Information
Michael Ruffin,F-C,6-9,245,31,MIL,46,7,Tulsa,1999 Rnd 2 Pick 3,United States,NBA 2007-2008 Players Information
Kareem Rush,G,6-6,201,27,IND,71,5,Missouri,2002 Rnd 1 Pick 20,United States,NBA 2007-2008 Players Information
John Salmons,GF,6-7,210,28,SAC,81,5,Miami (FL),2002 Rnd 1 Pick 26,United States,NBA 2007-2008 Players Information
Cheickh Samb,C,7-1,245,23,DET,4,0,CB Cornella (Spain),2006 Rnd 2 Pick 21,Senegal,NBA 2007-2008 Players Information
Brian Scalabrine,PF,6-9,241,29,BOS,48,6,USC,2001 Rnd 2 Pick 6,United States,NBA 2007-2008 Players Information
Luis Scola,PF,6-9,241,27,HOU,82,0,Baskonia (Spain),2002 Rnd 2 Pick 27,Argentina,NBA 2007-2008 Players Information
Thabo Sefolosha,GF,6-7,220,23,CHI,69,1,Edilnol Pallacanestro Biella (Italy),2006 Rnd 1 Pick 13,Switzerland,NBA 2007-2008 Players Information
Saer Sene,C,7-0,230,21,SEA,13,1,Voo Wolves Verviers-Pepinster (Belgium),2006 Rnd 1 Pick 10,Senegal,NBA 2007-2008 Players Information
Ramon Sessions,G,6-3,190,21,MIL,17,0,Nevada,2007 Rnd 2 Pick 26,United States,NBA 2007-2008 Players Information
Bobby Simmons,F,6-6,235,27,MIL,70,6,DePaul,2001 Rnd 2 Pick 13,United States,NBA 2007-2008 Players Information
Cedric Simmons,FC,6-9,235,22,"CHI, CLE",14,1,NC State,2006 Rnd 1 Pick 15,United StatesBulgaria,NBA 2007-2008 Players Information
Courtney Sims,FC,6-10,245,24,IND,3,0,Michigan,"2007 NBA Draft, Undrafted",United States,NBA 2007-2008 Players Information
Brian Skinner,FC,6-9,255,31,PHX,66,9,Baylor,1998 Rnd 1 Pick 22,United States,NBA 2007-2008 Players Information
Craig Smith,PF,6-7,250,24,MIN,77,1,Boston College,2006 Rnd 2 Pick 6,United States,NBA 2007-2008 Players Information
J.R. Smith,SG,6-6,225,22,DEN,74,3,Saint Benedict's Preparatory School (New Jersey),2004 Rnd 1 Pick 18,United States,NBA 2007-2008 Players Information
Jason Smith,PF,7-0,240,21,PHI,76,0,Colorado State,2007 Rnd 1 Pick 20,United States,NBA 2007-2008 Players Information
Joe Smith,F,6-10,225,32,"CHI, CLE",77,12,Maryland,1995 Rnd 1 Pick 1,United States,NBA 2007-2008 Players Information
Josh Smith,PF,6-9,225,22,ATL,81,3,Oak Hill Academy (Virginia),2004 Rnd 1 Pick 17,United States,NBA 2007-2008 Players Information
Eric Snow,G,6-3,190,34,CLE,22,12,Michigan State,1995 Rnd 2 Pick 14,United States,NBA 2007-2008 Players Information
Kirk Snyder,F-G,6-6,225,24,"HOU, MIN",36,3,Nevada,2004 Rnd 1 Pick 16,United States,NBA 2007-2008 Players Information
Darius Songaila,PF,6-8,248,30,WAS,80,4,Wake Forest,2002 Rnd 2 Pick 21,Lithuania,NBA 2007-2008 Players Information
Jerry Stackhouse,SF,6-6,218,33,DAL,58,12,North Carolina,1995 Rnd 1 Pick 3,United States,NBA 2007-2008 Players Information
DeShawn Stevenson,SG,6-5,218,26,WAS,82,7,Washington Union High School (California),2000 Rnd 1 Pick 23,United States,NBA 2007-2008 Players Information
Peja Stojakovic,F,6-10,229,30,NOP,77,9,PAOK BC (Greece),1996 Rnd 1 Pick 14,SerbiaGreece,NBA 2007-2008 Players Information
Awvee Storey,F-G,6-6,222,30,MIL,26,2,Arizona State,"2002 NBA Draft, Undrafted",United States,NBA 2007-2008 Players Information
Damon Stoudamire,G,5-10,171,34,"MEM, SAN",60,12,Arizona,1995 Rnd 1 Pick 7,United States,NBA 2007-2008 Players Information
Salim Stoudamire,G,6-1,186,25,ATL,35,2,Arizona,2005 Rnd 2 Pick 1,United States,NBA 2007-2008 Players Information
Amar'e Stoudemire,FC,6-10,245,25,PHX,79,5,Cypress Creek High School (Florida),2002 Rnd 1 Pick 9,United States,NBA 2007-2008 Players Information
D.J. Strawberry,G,6-6,205,22,PHX,33,0,Maryland,2007 Rnd 2 Pick 29,United StatesCameroon,NBA 2007-2008 Players Information
Rodney Stuckey,G,6-5,205,21,DET,57,0,Eastern Washington,2007 Rnd 1 Pick 15,United States,NBA 2007-2008 Players Information
Robert Swift,C,7-0,245,22,SEA,8,3,Bakersfield High School (California),2004 Rnd 1 Pick 12,United States,NBA 2007-2008 Players Information
Stromile Swift,F-C,6-9,225,28,"MEM, NJN",56,7,LSU,2000 Rnd 1 Pick 2,United States,NBA 2007-2008 Players Information
Wally Szczerbiak,F,6-7,240,30,"CLE, SEA",75,8,Miami (OH),1999 Rnd 1 Pick 6,United StatesSpain,NBA 2007-2008 Players Information
Sebastian Telfair,PG,6-0,170,22,MIN,60,3,Abraham Lincoln High School (New York),2004 Rnd 1 Pick 13,United States,NBA 2007-2008 Players Information
Jason Terry,G,6-2,185,30,DAL,82,8,Arizona,1999 Rnd 1 Pick 10,United States,NBA 2007-2008 Players Information
Billy Thomas,G,6-4,208,32,"CLE, NJN",11,2,Kansas,"1998 NBA Draft, Undrafted",United States,NBA 2007-2008 Players Information
Kenny Thomas,F,6-7,245,30,SAC,23,8,New Mexico,1999 Rnd 1 Pick 22,United States,NBA 2007-2008 Players Information
Kurt Thomas,FC,6-9,240,35,"SAN, SEA",70,12,TCU,1995 Rnd 1 Pick 10,United States,NBA 2007-2008 Players Information
Tim Thomas,F,6-10,240,31,LAC,63,10,Villanova,1997 Rnd 1 Pick 7,United States,NBA 2007-2008 Players Information
Tyrus Thomas,F,6-9,215,21,CHI,74,1,LSU,2006 Rnd 1 Pick 4,United States,NBA 2007-2008 Players Information
Al Thornton,F,6-8,203,24,LAC,79,0,Florida State,2007 Rnd 1 Pick 14,United States,NBA 2007-2008 Players Information
Jamaal Tinsley,PG,6-3,188,30,IND,39,6,Iowa State,2001 Rnd 1 Pick 27,United States,NBA 2007-2008 Players Information
Alando Tucker,F,6-6,205,24,PHX,6,0,Wisconsin,2007 Rnd 1 Pick 29,United States,NBA 2007-2008 Players Information
Ronny Turiaf,FC,6-10,241,25,LAL,78,2,Gonzaga,2005 Rnd 2 Pick 7,France,NBA 2007-2008 Players Information
Hedo Turkoglu,F,6-10,220,28,ORL,82,7,Anadolu Efes (Turkey),2000 Rnd 1 Pick 16,Turkey,NBA 2007-2008 Players Information
Ime Udoka,G-F,6-5,220,30,SAS,73,4,Portland State,"2000 NBA Draft, Undrafted",United StatesNigeria,NBA 2007-2008 Players Information
Beno Udrih,G,6-4,205,25,SAC,65,3,AX Armani Exchange Milan (Italy),2004 Rnd 1 Pick 28,Slovenia,NBA 2007-2008 Players Information
Anderson Varejao,C,6-10,273,25,CLE,48,3,Barca (Spain),2004 Rnd 2 Pick 1,Brazil,NBA 2007-2008 Players Information
Jacque Vaughn,G,6-1,190,33,SAS,74,10,Kansas,1997 Rnd 1 Pick 27,United States,NBA 2007-2008 Players Information
Charlie Villanueva,F,6-11,238,23,MIL,76,2,UConn,2005 Rnd 1 Pick 7,United StatesDominican Republic,NBA 2007-2008 Players Information
Marquinhos Vinicius,F,6-9,225,23,NOP,13,1,Objetivo Sao Carlos (Brazil),2006 Rnd 2 Pick 13,Brazil,NBA 2007-2008 Players Information
Jake Voskuhl,C,6-11,245,30,MIL,44,7,UConn,2000 Rnd 2 Pick 4,United States,NBA 2007-2008 Players Information
Sasha Vujacic,G,6-7,195,23,LAL,72,3,Pallalcesto Amatori Udine (Italy),2004 Rnd 1 Pick 27,Slovenia,NBA 2007-2008 Players Information
Dwyane Wade,SG,6-4,220,26,MIA,51,4,Marquette,2003 Rnd 1 Pick 5,United States,NBA 2007-2008 Players Information
Von Wafer,GF,6-5,210,22,"DEN, POR",29,2,Florida State,2005 Rnd 2 Pick 9,United States,NBA 2007-2008 Players Information
Antoine Walker,F,6-9,265,31,MIN,46,11,Kentucky,1996 Rnd 1 Pick 6,United States,NBA 2007-2008 Players Information
Ben Wallace,FC,6-9,240,33,"CHI, CLE",72,11,Virginia Union,"1996 NBA Draft, Undrafted",United States,NBA 2007-2008 Players Information
Gerald Wallace,F,6-7,220,25,CHA,62,6,Alabama,2001 Rnd 1 Pick 25,United States,NBA 2007-2008 Players Information
Rasheed Wallace,FC,6-11,230,33,DET,77,12,North Carolina,1995 Rnd 1 Pick 4,United States,NBA 2007-2008 Players Information
Luke Walton,F,6-8,235,27,LAL,74,4,Arizona,2003 Rnd 2 Pick 3,United States,NBA 2007-2008 Players Information
Hakim Warrick,F,6-9,219,25,MEM,75,2,Syracuse,2005 Rnd 1 Pick 19,United States,NBA 2007-2008 Players Information
Darius Washington,PG,6-2,196,22,SAS,18,0,Memphis,"2006 NBA Draft, Undrafted",United StatesNorth Macedonia,NBA 2007-2008 Players Information
Darryl Watkins,C,6-11,258,23,SAC,9,0,Syracuse,"2007 NBA Draft, Undrafted",United States,NBA 2007-2008 Players Information
C.J. Watson,G,6-2,175,23,GSW,32,0,Tennessee,"2006 NBA Draft, Undrafted",United States,NBA 2007-2008 Players Information
Earl Watson,PG,6-1,199,28,SEA,78,6,UCLA,2001 Rnd 2 Pick 11,United States,NBA 2007-2008 Players Information
Chris Webber,F-C,6-9,245,35,GSW,9,14,Michigan,1993 Rnd 1 Pick 1,United States,NBA 2007-2008 Players Information
Martell Webster,SF,6-7,230,21,POR,75,2,Seattle Preparatory School (Washington),2005 Rnd 1 Pick 6,United States,NBA 2007-2008 Players Information
Bonzi Wells,G-F,6-5,210,31,"HOU, NOP",73,9,Ball State,1998 Rnd 1 Pick 11,United States,NBA 2007-2008 Players Information
David West,PF,6-9,250,27,NOP,76,4,Xavier,2003 Rnd 1 Pick 18,United States,NBA 2007-2008 Players Information
Delonte West,G,6-3,180,24,"CLE, SEA",61,3,Saint Joseph's,2004 Rnd 1 Pick 24,United States,NBA 2007-2008 Players Information
Mario West,G,6-5,210,23,ATL,64,0,Georgia Tech,"2007 NBA Draft, Undrafted",United States,NBA 2007-2008 Players Information
Chris Wilcox,FC,6-10,235,25,SEA,62,5,Maryland,2002 Rnd 1 Pick 8,United States,NBA 2007-2008 Players Information
Damien Wilkins,GF,6-6,225,28,SEA,76,3,Georgia,"2004 NBA Draft, Undrafted",United States,NBA 2007-2008 Players Information
Mike Wilks,G,5-10,185,28,"DEN, SEA, WAS",15,6,Rice,"2001 NBA Draft, Undrafted",United States,NBA 2007-2008 Players Information
Aaron Williams,F-C,6-9,220,36,LAC,30,13,Xavier,"1993 NBA Draft, Undrafted",United States,NBA 2007-2008 Players Information
Deron Williams,PG,6-3,200,23,UTA,82,2,Illinois,2005 Rnd 1 Pick 3,United States,NBA 2007-2008 Players Information
Jason Williams,G,6-1,190,32,MIA,67,9,Florida,1998 Rnd 1 Pick 7,United States,NBA 2007-2008 Players Information
Justin Williams,C,6-10,260,23,"HOU, SAC",23,1,Wyoming,"2006 NBA Draft, Undrafted",United States,NBA 2007-2008 Players Information
Lou Williams,G,6-1,175,21,PHI,80,2,South Gwinnett High School (Georgia),2005 Rnd 2 Pick 15,United States,NBA 2007-2008 Players Information
Marcus D. Williams,G,6-3,205,22,NJN,53,1,UConn,2006 Rnd 1 Pick 22,United States,NBA 2007-2008 Players Information
Marcus E. Williams,F,6-7,207,21,"LAC, SAN",11,0,Arizona,2007 Rnd 2 Pick 3,United States,NBA 2007-2008 Players Information
Marvin Williams,SF,6-9,237,21,ATL,80,2,North Carolina,2005 Rnd 1 Pick 2,United States,NBA 2007-2008 Players Information
Mo Williams,G,6-1,198,25,MIL,66,4,Alabama,2003 Rnd 2 Pick 18,United States,NBA 2007-2008 Players Information
Sean Williams,C,6-10,235,21,NJN,73,0,Boston College,2007 Rnd 1 Pick 17,United States,NBA 2007-2008 Players Information
Shawne Williams,F,6-10,230,22,IND,65,1,Memphis,2006 Rnd 1 Pick 17,United States,NBA 2007-2008 Players Information
Shelden Williams,PF,6-9,250,24,"ATL, SAC",64,1,Duke,2006 Rnd 1 Pick 5,United States,NBA 2007-2008 Players Information
Loren Woods,C,7-1,245,29,HOU,7,5,Arizona,2001 Rnd 2 Pick 17,United States,NBA 2007-2008 Players Information
Metta World Peace,SF,6-7,260,28,SAC,57,8,St. John's,1999 Rnd 1 Pick 16,United States,NBA 2007-2008 Players Information
Antoine Wright,GF,6-7,210,24,"DAL, NJN",56,2,Texas A&M,2005 Rnd 1 Pick 15,United States,NBA 2007-2008 Players Information
Brandan Wright,F,6-10,210,20,GSW,38,0,North Carolina,2007 Rnd 1 Pick 8,United States,NBA 2007-2008 Players Information
Dorell Wright,F,6-9,205,22,MIA,44,3,Leuzinger High School (California),2004 Rnd 1 Pick 19,United States,NBA 2007-2008 Players Information
Julian Wright,F,6-8,225,20,NOP,57,0,Kansas,2007 Rnd 1 Pick 13,United States,NBA 2007-2008 Players Information
Lorenzen Wright,F-C,6-11,255,32,"ATL, SAC",18,11,Memphis,1996 Rnd 1 Pick 7,United States,NBA 2007-2008 Players Information
Jianlian Yi,F,7-0,250,20,MIL,66,0,Guangdong Dongguan (China),2007 Rnd 1 Pick 6,China,NBA 2007-2008 Players Information
Nick Young,SG,6-7,210,22,WAS,75,0,USC,2007 Rnd 1 Pick 16,United States,NBA 2007-2008 Players Information
Thaddeus Young,F,6-8,225,19,PHI,74,0,Georgia Tech,2007 Rnd 1 Pick 12,United States,NBA 2007-2008 Players Information
